{
    "MSE": 0.0060256170108914375,
    "MAE": 0.05091505125164986,
    "Regret": 0.003320800402741224,
    "Rel Regret": 0.0004592327139684572
}