{
    "MSE": 0.03697464242577553,
    "MAE": 0.14857515692710876,
    "Regret": 0.002296845440716293,
    "Rel Regret": 0.0034777926713768672
}