{
    "MSE": 0.03697464242577553,
    "MAE": 0.14857515692710876,
    "Regret": 0.0022958507292072826,
    "Rel Regret": 0.0034763036087178422
}