{
    "MSE": 0.03384649008512497,
    "MAE": 0.1410181224346161,
    "Regret": 0.0022410114699778524,
    "Rel Regret": 0.0033942573045762873
}