{
    "MSE": 0.03384649008512497,
    "MAE": 0.1410181224346161,
    "Regret": 0.0022305638530213754,
    "Rel Regret": 0.003378247716562766
}