{
    "MSE": 0.5527290105819702,
    "MAE": 0.6171464323997498,
    "Regret": 131.9485533582464,
    "Rel Regret": 0.03972715472209562
}