{
    "MSE": 0.5527290105819702,
    "MAE": 0.6171464323997498,
    "Regret": 132.37951278596768,
    "Rel Regret": 0.03980245310140397
}