{
    "MSE": 0.35591980814933777,
    "MAE": 0.48232507705688477,
    "Regret": 1029.819796471748,
    "Rel Regret": 0.0393194754463869
}