{
    "MSE": 0.35760772228240967,
    "MAE": 0.4829791486263275,
    "Regret": 1060.8663556555102,
    "Rel Regret": 0.04029168618323522
}