{
    "MSE": 0.35760772228240967,
    "MAE": 0.4829791486263275,
    "Regret": 1060.0113478630788,
    "Rel Regret": 0.04027263259824224
}