{
    "MSE": 0.3574942350387573,
    "MAE": 0.4831933379173279,
    "Regret": 1069.4673347212618,
    "Rel Regret": 0.041083561490552624
}