{
    "MSE": 0.3574942350387573,
    "MAE": 0.4831933379173279,
    "Regret": 1072.105499298254,
    "Rel Regret": 0.04116188349097871
}