{
    "MSE": 0.3551647961139679,
    "MAE": 0.48154720664024353,
    "Regret": 1288.2444993078245,
    "Rel Regret": 0.04766842882177876
}