{
    "MSE": 0.007481647189706564,
    "MAE": 0.05769706889986992,
    "Regret": 0.003534781391708318,
    "Rel Regret": 0.0004888281531216531
}