{
    "MSE": 0.1202627569437027,
    "MAE": 0.2798633873462677,
    "Regret": 0.004805535234536371,
    "Rel Regret": 0.003077862413481576
}