{
    "MSE": 0.1202627569437027,
    "MAE": 0.2798633873462677,
    "Regret": 0.004809566521434063,
    "Rel Regret": 0.0030805977965074546
}