{
    "MSE": 0.12003812938928604,
    "MAE": 0.27955660223960876,
    "Regret": 0.005828720387874283,
    "Rel Regret": 0.0037315603245632006
}