{
    "MSE": 0.005262736696749926,
    "MAE": 0.043610092252492905,
    "Regret": 0.003358766409147757,
    "Rel Regret": 0.000464410532987194
}