{
    "MSE": 0.12223857641220093,
    "MAE": 0.28305870294570923,
    "Regret": 0.0049012658377457705,
    "Rel Regret": 0.003138581838350194
}