{
    "MSE": 0.12223857641220093,
    "MAE": 0.28305870294570923,
    "Regret": 0.004902555938845333,
    "Rel Regret": 0.003139288108802221
}