{
    "MSE": 0.09523704648017883,
    "MAE": 0.2315787523984909,
    "Regret": 1932.8128967930188,
    "Rel Regret": 0.039613853178205705
}