{
    "MSE": 0.04779157042503357,
    "MAE": 0.16719764471054077,
    "Regret": 0.001531269727047422,
    "Rel Regret": 0.0025236486473827298
}