{
    "MSE": 0.03498154878616333,
    "MAE": 0.14387547969818115,
    "Regret": 0.0019815769504558972,
    "Rel Regret": 0.0029987064377321295
}