{
    "MSE": 0.356670081615448,
    "MAE": 0.4826774001121521,
    "Regret": 1162.3519144301677,
    "Rel Regret": 0.0429077864982596
}