{
    "MSE": 0.356670081615448,
    "MAE": 0.4826774001121521,
    "Regret": 1166.5424112939363,
    "Rel Regret": 0.04311615374842887
}