{
    "MSE": 0.5548145771026611,
    "MAE": 0.6182957291603088,
    "Regret": 124.86617473534575,
    "Rel Regret": 0.039564898471905585
}