{
    "MSE": 0.35601651668548584,
    "MAE": 0.4822137653827667,
    "Regret": 1030.7191339315593,
    "Rel Regret": 0.03942067568059359
}