{
    "MSE": 0.005300778895616531,
    "MAE": 0.04242827743291855,
    "Regret": 0.0034087701337862683,
    "Rel Regret": 0.0004714139025839243
}