{
    "MSE": 0.5537099838256836,
    "MAE": 0.6176220774650574,
    "Regret": 127.91335934472795,
    "Rel Regret": 0.03965709813608314
}