{
    "MSE": 0.5537099838256836,
    "MAE": 0.6176220774650574,
    "Regret": 128.1088776074336,
    "Rel Regret": 0.039693890307990795
}