{
    "MSE": 0.5567296743392944,
    "MAE": 0.6194135546684265,
    "Regret": 162.54069822734016,
    "Rel Regret": 0.049461719541921086
}