{
    "MSE": 0.036969248205423355,
    "MAE": 0.14863622188568115,
    "Regret": 0.0020118712241312064,
    "Rel Regret": 0.00304530118169262
}