{
    "MSE": 0.09522400051355362,
    "MAE": 0.23152494430541992,
    "Regret": 2156.4417484143273,
    "Rel Regret": 0.04427563695525631
}