{
    "MSE": 0.09522400051355362,
    "MAE": 0.23152494430541992,
    "Regret": 2159.1520922012546,
    "Rel Regret": 0.044310143994642684
}