{
    "MSE": 0.09530776739120483,
    "MAE": 0.23162753880023956,
    "Regret": 2376.7133147151244,
    "Rel Regret": 0.04917861286889916
}