{
    "MSE": 0.35658660531044006,
    "MAE": 0.4826606512069702,
    "Regret": 1059.7092464972386,
    "Rel Regret": 0.039133700283089524
}