{
    "MSE": 0.3551647961139679,
    "MAE": 0.48154720664024353,
    "Regret": 1288.2365582227899,
    "Rel Regret": 0.04766805477465495
}