{
    "MSE": 0.35658660531044006,
    "MAE": 0.4826606512069702,
    "Regret": 1059.2740662565468,
    "Rel Regret": 0.039006085109718196
}