{
    "MSE": 0.35760772228240967,
    "MAE": 0.4829791486263275,
    "Regret": 1024.4232880325371,
    "Rel Regret": 0.03910740391765761
}