{
    "MSE": 0.35609620809555054,
    "MAE": 0.4822429418563843,
    "Regret": 1142.1489327830059,
    "Rel Regret": 0.042901093908344276
}