{
    "MSE": 0.3551647961139679,
    "MAE": 0.48154720664024353,
    "Regret": 1288.2422351280807,
    "Rel Regret": 0.04766834643897269
}