{
    "MSE": 0.35609620809555054,
    "MAE": 0.4822429418563843,
    "Regret": 1142.9353595088162,
    "Rel Regret": 0.04293897926153292
}