{
    "MSE": 0.12030473351478577,
    "MAE": 0.2799158990383148,
    "Regret": 0.004913924129814557,
    "Rel Regret": 0.0031495574634072673
}