{
    "MSE": 0.005635197274386883,
    "MAE": 0.043335527181625366,
    "Regret": 0.003441264250525566,
    "Rel Regret": 0.0004758770617724247
}