{
    "MSE": 0.5527290105819702,
    "MAE": 0.6171464323997498,
    "Regret": 126.75077359351882,
    "Rel Regret": 0.040033828401028634
}