{
    "MSE": 0.35674142837524414,
    "MAE": 0.4825793504714966,
    "Regret": 1040.3902960034507,
    "Rel Regret": 0.039606434905752
}