{
    "MSE": 0.005417307373136282,
    "MAE": 0.04369574785232544,
    "Regret": 0.0035004955058039224,
    "Rel Regret": 0.0004839387404740408
}