{
    "MSE": 0.005417307373136282,
    "MAE": 0.04369574785232544,
    "Regret": 0.003496828545808083,
    "Rel Regret": 0.0004834277550344011
}