{
    "MSE": 0.0060256170108914375,
    "MAE": 0.05091505125164986,
    "Regret": 0.0032498051778348017,
    "Rel Regret": 0.000449426462512994
}