{
    "MSE": 0.0060256170108914375,
    "MAE": 0.05091505125164986,
    "Regret": 0.003219990084704034,
    "Rel Regret": 0.0004452927674313593
}