{
    "MSE": 0.03384893387556076,
    "MAE": 0.14101624488830566,
    "Regret": 0.0020009561400915112,
    "Rel Regret": 0.0030283761778439142
}