{
    "MSE": 0.12259592860937119,
    "MAE": 0.2835068106651306,
    "Regret": 0.0048776416370088825,
    "Rel Regret": 0.003125848850482627
}