{
    "MSE": 0.12030473351478577,
    "MAE": 0.2799158990383148,
    "Regret": 0.00537856612306353,
    "Rel Regret": 0.0034485962499448803
}