{
    "MSE": 0.12030473351478577,
    "MAE": 0.2799158990383148,
    "Regret": 0.005374207501471058,
    "Rel Regret": 0.0034456723913720284
}