{
    "MSE": 0.12216702103614807,
    "MAE": 0.2830284833908081,
    "Regret": 0.004837449066278091,
    "Rel Regret": 0.0031000301510798094
}