{
    "MSE": 0.5536656379699707,
    "MAE": 0.6176439523696899,
    "Regret": 129.14460602547828,
    "Rel Regret": 0.039725172207737136
}