{
    "MSE": 0.5536656379699707,
    "MAE": 0.6176439523696899,
    "Regret": 129.4974562527248,
    "Rel Regret": 0.03986269687623529
}