{
    "MSE": 0.5567296743392944,
    "MAE": 0.6194135546684265,
    "Regret": 162.54080867101672,
    "Rel Regret": 0.04946178743366835
}