{
    "MSE": 0.03697464242577553,
    "MAE": 0.14857515692710876,
    "Regret": 0.0020338615681190684,
    "Rel Regret": 0.0030778768498016165
}