{
    "MSE": 0.03501142933964729,
    "MAE": 0.1439027041196823,
    "Regret": 0.001960444953036321,
    "Rel Regret": 0.002966817488183987
}