{
    "MSE": 0.12259592860937119,
    "MAE": 0.2835068106651306,
    "Regret": 0.005159529548176228,
    "Rel Regret": 0.0033017936803527823
}