{
    "MSE": 0.12259592860937119,
    "MAE": 0.2835068106651306,
    "Regret": 0.005163246044630988,
    "Rel Regret": 0.0033042113131471033
}