{
    "MSE": 0.005554382689297199,
    "MAE": 0.04327287897467613,
    "Regret": 0.003268249229013232,
    "Rel Regret": 0.0004518405894432647
}