{
    "MSE": 0.09522753953933716,
    "MAE": 0.23150783777236938,
    "Regret": 1970.5977495561654,
    "Rel Regret": 0.04034061153735227
}