{
    "MSE": 0.09522753953933716,
    "MAE": 0.23150783777236938,
    "Regret": 1976.0685044784716,
    "Rel Regret": 0.040452923681470104
}