{
    "MSE": 0.09530776739120483,
    "MAE": 0.23162753880023956,
    "Regret": 2377.734274618325,
    "Rel Regret": 0.04920427929875632
}