{
    "MSE": 0.12003812938928604,
    "MAE": 0.27955660223960876,
    "Regret": 0.005029355849999615,
    "Rel Regret": 0.0032231958667983444
}