{
    "MSE": 0.005209587048739195,
    "MAE": 0.04237067699432373,
    "Regret": 0.0033191270452067206,
    "Rel Regret": 0.0004589545926665912
}