{
    "MSE": 0.0060256170108914375,
    "MAE": 0.05091505125164986,
    "Regret": 0.0033161249818751204,
    "Rel Regret": 0.0004585727680356088
}