{
    "MSE": 0.1202627569437027,
    "MAE": 0.2798633873462677,
    "Regret": 0.0048620983568023034,
    "Rel Regret": 0.0031158502052165463
}