{
    "MSE": 0.005417307373136282,
    "MAE": 0.04369574785232544,
    "Regret": 0.0032337503303911897,
    "Rel Regret": 0.000447069864631977
}