{
    "MSE": 0.03501142933964729,
    "MAE": 0.1439027041196823,
    "Regret": 0.0020201268447210775,
    "Rel Regret": 0.003056315096820544
}