{
    "MSE": 0.03384649008512497,
    "MAE": 0.1410181224346161,
    "Regret": 0.0022292506945786454,
    "Rel Regret": 0.003374859701136346
}