{
    "MSE": 0.03384649008512497,
    "MAE": 0.1410181224346161,
    "Regret": 0.0022375894410122175,
    "Rel Regret": 0.003387682718131191
}