{
    "MSE": 0.03501142933964729,
    "MAE": 0.1439027041196823,
    "Regret": 0.002018818029407783,
    "Rel Regret": 0.003054314695231586
}