{
    "MSE": 0.12011630833148956,
    "MAE": 0.2796429991722107,
    "Regret": 0.004881056087629773,
    "Rel Regret": 0.0031274599247274144
}