{
    "MSE": 0.0060256170108914375,
    "MAE": 0.05091505125164986,
    "Regret": 0.0032360863634844556,
    "Rel Regret": 0.00044751889665177273
}