{
    "MSE": 0.005151989404112101,
    "MAE": 0.04167148843407631,
    "Regret": 0.0033121686863161175,
    "Rel Regret": 0.00045788416493361736
}