{
    "MSE": 0.005151989404112101,
    "MAE": 0.04167148843407631,
    "Regret": 0.0033075221020034806,
    "Rel Regret": 0.00045724493519178175
}