{
    "MSE": 0.0060256170108914375,
    "MAE": 0.05091505125164986,
    "Regret": 0.003258611609105783,
    "Rel Regret": 0.00045063938986703603
}