{
    "MSE": 0.0057410248555243015,
    "MAE": 0.04685323312878609,
    "Regret": 0.003636701569915593,
    "Rel Regret": 0.000503000011431144
}