{
    "MSE": 0.03384649008512497,
    "MAE": 0.1410181224346161,
    "Regret": 0.002252530012930961,
    "Rel Regret": 0.0034105819275784903
}