{
    "MSE": 0.03384649008512497,
    "MAE": 0.1410181224346161,
    "Regret": 0.0022648473279608997,
    "Rel Regret": 0.0034294765124302656
}