{
    "MSE": 0.03497682884335518,
    "MAE": 0.14388954639434814,
    "Regret": 0.002037020904237792,
    "Rel Regret": 0.003082649226956308
}