{
    "MSE": 0.03497682884335518,
    "MAE": 0.14388954639434814,
    "Regret": 0.0020351488874813433,
    "Rel Regret": 0.003079808627326097
}