{
    "MSE": 0.005209587048739195,
    "MAE": 0.04237067699432373,
    "Regret": 0.003254601011498175,
    "Rel Regret": 0.0004500385727111283
}