{
    "MSE": 0.03392857313156128,
    "MAE": 0.14114724099636078,
    "Regret": 0.002041889436764553,
    "Rel Regret": 0.003091220324332747
}