{
    "MSE": 0.09525370597839355,
    "MAE": 0.23159931600093842,
    "Regret": 1970.4597743185068,
    "Rel Regret": 0.040408890517985574
}