{
    "MSE": 0.09527715295553207,
    "MAE": 0.23157483339309692,
    "Regret": 2147.4073284475244,
    "Rel Regret": 0.04352643545507086
}