{
    "MSE": 0.09527715295553207,
    "MAE": 0.23157483339309692,
    "Regret": 2152.8047397085647,
    "Rel Regret": 0.043619035393018646
}