{
    "MSE": 0.09530776739120483,
    "MAE": 0.23162753880023956,
    "Regret": 2372.9365376363266,
    "Rel Regret": 0.04910251577989649
}