{
    "MSE": 0.12279777973890305,
    "MAE": 0.28385409712791443,
    "Regret": 0.00510532823732751,
    "Rel Regret": 0.003267144397249226
}