{
    "MSE": 0.12003812938928604,
    "MAE": 0.27955660223960876,
    "Regret": 0.005858537466114381,
    "Rel Regret": 0.0037506117106857776
}