{
    "MSE": 0.12279777973890305,
    "MAE": 0.28385409712791443,
    "Regret": 0.005112380730302487,
    "Rel Regret": 0.003271519533542134
}