{
    "MSE": 0.356670081615448,
    "MAE": 0.4826774001121521,
    "Regret": 1023.6538638893755,
    "Rel Regret": 0.03906955781328453
}