{
    "MSE": 0.12003812938928604,
    "MAE": 0.27955660223960876,
    "Regret": 0.0048825295661795,
    "Rel Regret": 0.003129792978568492
}