{
    "MSE": 0.12003812938928604,
    "MAE": 0.27955660223960876,
    "Regret": 0.004893365875089367,
    "Rel Regret": 0.0031365338118374175
}