{
    "MSE": 0.03384649008512497,
    "MAE": 0.1410181224346161,
    "Regret": 0.0022533604579694946,
    "Rel Regret": 0.003412135834760793
}