{
    "MSE": 0.03498154878616333,
    "MAE": 0.14387547969818115,
    "Regret": 0.0020893202414016595,
    "Rel Regret": 0.0031610713224566843
}