{
    "MSE": 0.03498154878616333,
    "MAE": 0.14387547969818115,
    "Regret": 0.0020912423806169734,
    "Rel Regret": 0.003163968312826673
}