{
    "MSE": 0.03384649008512497,
    "MAE": 0.1410181224346161,
    "Regret": 0.0022631028323247503,
    "Rel Regret": 0.003427131203016948
}