{
    "MSE": 0.03488865867257118,
    "MAE": 0.14368075132369995,
    "Regret": 0.0019146748664270123,
    "Rel Regret": 0.002897593537063608
}