{
    "MSE": 0.037012241780757904,
    "MAE": 0.1487281769514084,
    "Regret": 0.0020196173642668997,
    "Rel Regret": 0.0030570106007218162
}