{
    "MSE": 0.0060256170108914375,
    "MAE": 0.05091505125164986,
    "Regret": 0.0033368445541636913,
    "Rel Regret": 0.00046145668713486914
}