{
    "MSE": 0.005300778895616531,
    "MAE": 0.04242827743291855,
    "Regret": 0.003662265367849621,
    "Rel Regret": 0.0005062728009483527
}