{
    "MSE": 0.005300778895616531,
    "MAE": 0.04242827743291855,
    "Regret": 0.003645548911536379,
    "Rel Regret": 0.0005039563770742514
}