{
    "MSE": 0.09520474076271057,
    "MAE": 0.231552854180336,
    "Regret": 2105.1268030259066,
    "Rel Regret": 0.043439956619566865
}