{
    "MSE": 0.09520474076271057,
    "MAE": 0.231552854180336,
    "Regret": 2106.0672975305124,
    "Rel Regret": 0.04342569102644851
}