{
    "MSE": 0.09530776739120483,
    "MAE": 0.23162753880023956,
    "Regret": 2375.1208466169132,
    "Rel Regret": 0.04912728793716315
}