{
    "MSE": 1025.524658203125,
    "MAE": 20.840585708618164,
    "Regret": 155.98821951950498,
    "Rel Regret": 0.057340588495381824
}