{
    "MSE": 0.03384649008512497,
    "MAE": 0.1410181224346161,
    "Regret": 0.0020167974832054777,
    "Rel Regret": 0.0030523002144540114
}