{
    "MSE": 0.5549542903900146,
    "MAE": 0.6182974576950073,
    "Regret": 124.80830456615206,
    "Rel Regret": 0.039493520871786925
}