{
    "MSE": 0.12010397017002106,
    "MAE": 0.27960553765296936,
    "Regret": 0.004905056233835708,
    "Rel Regret": 0.0031437035638883235
}