{
    "MSE": 0.3567933440208435,
    "MAE": 0.48264792561531067,
    "Regret": 1032.4609352910163,
    "Rel Regret": 0.03947320835203755
}