{
    "MSE": 0.007481647189706564,
    "MAE": 0.05769706889986992,
    "Regret": 0.004031900065628939,
    "Rel Regret": 0.000557614130167679
}