{
    "MSE": 0.0060256170108914375,
    "MAE": 0.05091505125164986,
    "Regret": 0.0032467997733238913,
    "Rel Regret": 0.00044901219817347306
}