{
    "MSE": 0.0060256170108914375,
    "MAE": 0.05091505125164986,
    "Regret": 0.003238362176325175,
    "Rel Regret": 0.0004478389360675629
}