{
    "MSE": 0.007481647189706564,
    "MAE": 0.05769706889986992,
    "Regret": 0.00402745967080924,
    "Rel Regret": 0.0005570070443235178
}