{
    "MSE": 0.03491157665848732,
    "MAE": 0.14374443888664246,
    "Regret": 0.0019654054589870506,
    "Rel Regret": 0.0029742179583461125
}