{
    "MSE": 0.09524620324373245,
    "MAE": 0.2315494269132614,
    "Regret": 1942.1998436868628,
    "Rel Regret": 0.03956169000781364
}