{
    "MSE": 0.09525370597839355,
    "MAE": 0.23159931600093842,
    "Regret": 2077.2220353623416,
    "Rel Regret": 0.042413668974504666
}