{
    "MSE": 0.09530776739120483,
    "MAE": 0.23162753880023956,
    "Regret": 2377.7909889726425,
    "Rel Regret": 0.04922772502971589
}