{
    "MSE": 0.09525370597839355,
    "MAE": 0.23159931600093842,
    "Regret": 2078.8818667226333,
    "Rel Regret": 0.04244075268028482
}