{
    "MSE": 0.09530776739120483,
    "MAE": 0.23162753880023956,
    "Regret": 2398.2466048627216,
    "Rel Regret": 0.049781063711841635
}