{
    "MSE": 0.12082783877849579,
    "MAE": 0.2805425524711609,
    "Regret": 0.005163213677878244,
    "Rel Regret": 0.0033061201372244684
}