{
    "MSE": 0.12082783877849579,
    "MAE": 0.2805425524711609,
    "Regret": 0.005151698620936567,
    "Rel Regret": 0.0032987771488233006
}