{
    "MSE": 0.12010397017002106,
    "MAE": 0.27960553765296936,
    "Regret": 0.00497084456056728,
    "Rel Regret": 0.0031854821900906363
}