{
    "MSE": 0.12010397017002106,
    "MAE": 0.27960553765296936,
    "Regret": 0.004968849611423183,
    "Rel Regret": 0.0031841617466333515
}