{
    "MSE": 0.12025495618581772,
    "MAE": 0.2797987759113312,
    "Regret": 0.004965758392454203,
    "Rel Regret": 0.0031826278679505647
}