{
    "MSE": 0.03384649008512497,
    "MAE": 0.1410181224346161,
    "Regret": 0.0022437337525979214,
    "Rel Regret": 0.00339609549375925
}