{
    "MSE": 0.5567296743392944,
    "MAE": 0.6194135546684265,
    "Regret": 162.54065097499702,
    "Rel Regret": 0.04946168610070951
}