{
    "MSE": 0.5532398223876953,
    "MAE": 0.6174263954162598,
    "Regret": 130.85420858099172,
    "Rel Regret": 0.03996370387433959
}