{
    "MSE": 0.5532398223876953,
    "MAE": 0.6174263954162598,
    "Regret": 130.85661797159267,
    "Rel Regret": 0.039966370624834234
}