{
    "MSE": 0.03497682884335518,
    "MAE": 0.14388954639434814,
    "Regret": 0.001969374066133578,
    "Rel Regret": 0.0029805652236011455
}