{
    "MSE": 0.005554382689297199,
    "MAE": 0.04327287897467613,
    "Regret": 0.003409489481932004,
    "Rel Regret": 0.000471312165672006
}