{
    "MSE": 0.005554382689297199,
    "MAE": 0.04327287897467613,
    "Regret": 0.003443435848940606,
    "Rel Regret": 0.00047599707657429755
}