{
    "MSE": 0.0060256170108914375,
    "MAE": 0.05091505125164986,
    "Regret": 0.0032748688670336994,
    "Rel Regret": 0.0004529029787109725
}