{
    "MSE": 0.35601651668548584,
    "MAE": 0.4822137653827667,
    "Regret": 1130.6368879112645,
    "Rel Regret": 0.041483426722162986
}