{
    "MSE": 0.35601651668548584,
    "MAE": 0.4822137653827667,
    "Regret": 1129.2738199247276,
    "Rel Regret": 0.04147254588889826
}