{
    "MSE": 0.3551647961139679,
    "MAE": 0.48154720664024353,
    "Regret": 1288.239542182982,
    "Rel Regret": 0.047668205091798595
}