{
    "MSE": 0.3551647961139679,
    "MAE": 0.48154720664024353,
    "Regret": 1288.2425481770183,
    "Rel Regret": 0.0476683737241752
}