{
    "MSE": 0.3569065034389496,
    "MAE": 0.48282936215400696,
    "Regret": 1087.4598626346574,
    "Rel Regret": 0.041206203171897354
}