{
    "MSE": 0.3551647961139679,
    "MAE": 0.48154720664024353,
    "Regret": 1309.063572485207,
    "Rel Regret": 0.04849249436157036
}