{
    "MSE": 0.3569065034389496,
    "MAE": 0.48282936215400696,
    "Regret": 1095.6895801175394,
    "Rel Regret": 0.04147589702700368
}