{
    "MSE": 0.12223857641220093,
    "MAE": 0.28305870294570923,
    "Regret": 0.004827366807013155,
    "Rel Regret": 0.0030938137295154393
}