{
    "MSE": 0.0060256170108914375,
    "MAE": 0.05091505125164986,
    "Regret": 0.003281805093179952,
    "Rel Regret": 0.0004538658756166324
}