{
    "MSE": 0.007721776608377695,
    "MAE": 0.05927814170718193,
    "Regret": 0.0036288021567999636,
    "Rel Regret": 0.0005016640230526872
}