{
    "MSE": 0.0060256170108914375,
    "MAE": 0.05091505125164986,
    "Regret": 0.003239061775853553,
    "Rel Regret": 0.00044793663190485203
}