{
    "MSE": 0.007721776608377695,
    "MAE": 0.05927814170718193,
    "Regret": 0.0035664004569844533,
    "Rel Regret": 0.0004930642071267735
}