{
    "MSE": 0.09522753953933716,
    "MAE": 0.23150783777236938,
    "Regret": 1939.1392772636143,
    "Rel Regret": 0.039570602616028766
}