{
    "MSE": 0.3574942350387573,
    "MAE": 0.4831933379173279,
    "Regret": 1020.0578665128264,
    "Rel Regret": 0.0389911858105888
}