{
    "MSE": 0.5567296743392944,
    "MAE": 0.6194135546684265,
    "Regret": 124.05414461214868,
    "Rel Regret": 0.03896872606706677
}