{
    "MSE": 0.03384649008512497,
    "MAE": 0.1410181224346161,
    "Regret": 0.002243775727072584,
    "Rel Regret": 0.0033983439166763944
}