{
    "MSE": 0.037012241780757904,
    "MAE": 0.1487281769514084,
    "Regret": 0.0023719522421641096,
    "Rel Regret": 0.0035925574599042828
}