{
    "MSE": 0.037012241780757904,
    "MAE": 0.1487281769514084,
    "Regret": 0.002372585796858822,
    "Rel Regret": 0.003593520481688412
}