{
    "MSE": 0.03384649008512497,
    "MAE": 0.1410181224346161,
    "Regret": 0.002238130440477044,
    "Rel Regret": 0.003389660649208173
}