{
    "MSE": 0.35609620809555054,
    "MAE": 0.4822429418563843,
    "Regret": 1041.295357379043,
    "Rel Regret": 0.0397366472830788
}