{
    "MSE": 0.12011630833148956,
    "MAE": 0.2796429991722107,
    "Regret": 0.005348003002098628,
    "Rel Regret": 0.003425896947263071
}