{
    "MSE": 0.12011630833148956,
    "MAE": 0.2796429991722107,
    "Regret": 0.0053516798478517235,
    "Rel Regret": 0.0034282810427168557
}