{
    "MSE": 0.3559397757053375,
    "MAE": 0.4822315275669098,
    "Regret": 1161.6152992233276,
    "Rel Regret": 0.0438705773565491
}