{
    "MSE": 0.3559397757053375,
    "MAE": 0.4822315275669098,
    "Regret": 1152.408231612085,
    "Rel Regret": 0.04358693444106919
}