{
    "MSE": 0.3551647961139679,
    "MAE": 0.48154720664024353,
    "Regret": 1288.2391014191176,
    "Rel Regret": 0.04766818851037572
}