{
    "MSE": 0.0952410027384758,
    "MAE": 0.23153439164161682,
    "Regret": 1974.4350077318786,
    "Rel Regret": 0.04034009575689729
}