{
    "MSE": 0.005220937076956034,
    "MAE": 0.041115354746580124,
    "Regret": 0.0034150301121410468,
    "Rel Regret": 0.000472031640536782
}