{
    "MSE": 0.0060256170108914375,
    "MAE": 0.05091505125164986,
    "Regret": 0.0032856491886171916,
    "Rel Regret": 0.0004543792012744114
}