{
    "MSE": 0.005220937076956034,
    "MAE": 0.041115354746580124,
    "Regret": 0.003411452863935223,
    "Rel Regret": 0.0004715435504139955
}