{
    "MSE": 0.12003812938928604,
    "MAE": 0.27955660223960876,
    "Regret": 0.0058287203665670405,
    "Rel Regret": 0.003731560297813281
}