{
    "MSE": 0.12092218548059464,
    "MAE": 0.28061002492904663,
    "Regret": 0.005405211164306775,
    "Rel Regret": 0.0034597394589299924
}