{
    "MSE": 0.12092218548059464,
    "MAE": 0.28061002492904663,
    "Regret": 0.005383973524246566,
    "Rel Regret": 0.0034458597199171727
}