{
    "MSE": 0.5552201867103577,
    "MAE": 0.618739902973175,
    "Regret": 125.6398366713665,
    "Rel Regret": 0.03959284322567825
}