{
    "MSE": 0.5545843839645386,
    "MAE": 0.6180710792541504,
    "Regret": 125.67224061236237,
    "Rel Regret": 0.039064491393998986
}