{
    "MSE": 0.5567296743392944,
    "MAE": 0.6194135546684265,
    "Regret": 162.54037535601407,
    "Rel Regret": 0.049461610649493476
}