{
    "MSE": 0.5545843839645386,
    "MAE": 0.6180710792541504,
    "Regret": 126.07731925459188,
    "Rel Regret": 0.039260898570297666
}