{
    "MSE": 0.5536656379699707,
    "MAE": 0.6176439523696899,
    "Regret": 125.24509476701182,
    "Rel Regret": 0.039547427427692516
}