{
    "MSE": 0.0060256170108914375,
    "MAE": 0.05091505125164986,
    "Regret": 0.0032643240899862614,
    "Rel Regret": 0.0004514244498924644
}