{
    "MSE": 0.03384649008512497,
    "MAE": 0.1410181224346161,
    "Regret": 0.0022394730935145642,
    "Rel Regret": 0.0033895029111671695
}