{
    "MSE": 0.036969248205423355,
    "MAE": 0.14863622188568115,
    "Regret": 0.0021594211265231903,
    "Rel Regret": 0.003268049809427547
}