{
    "MSE": 0.036969248205423355,
    "MAE": 0.14863622188568115,
    "Regret": 0.002160838724552252,
    "Rel Regret": 0.003270209685571352
}