{
    "MSE": 0.3551647961139679,
    "MAE": 0.48154720664024353,
    "Regret": 1288.2411844121675,
    "Rel Regret": 0.047668256520990465
}