{
    "MSE": 0.35591980814933777,
    "MAE": 0.48232507705688477,
    "Regret": 1143.1510590600524,
    "Rel Regret": 0.04322158347597168
}