{
    "MSE": 0.35591980814933777,
    "MAE": 0.48232507705688477,
    "Regret": 1142.9349539302582,
    "Rel Regret": 0.04320057453097841
}