{
    "MSE": 0.005169210955500603,
    "MAE": 0.04256361350417137,
    "Regret": 0.0032507907476973124,
    "Rel Regret": 0.00044943239663564744
}