{
    "MSE": 0.09530776739120483,
    "MAE": 0.23162753880023956,
    "Regret": 2091.9174564073896,
    "Rel Regret": 0.04255584831096235
}