{
    "MSE": 0.09530776739120483,
    "MAE": 0.23162753880023956,
    "Regret": 2094.4789112084977,
    "Rel Regret": 0.04263024396070826
}