{
    "MSE": 0.09530776739120483,
    "MAE": 0.23162753880023956,
    "Regret": 2374.8847015775696,
    "Rel Regret": 0.04914358169951174
}