{
    "MSE": 0.09530776739120483,
    "MAE": 0.23162753880023956,
    "Regret": 2394.0819285387543,
    "Rel Regret": 0.04966825517257867
}