{
    "MSE": 0.5545843839645386,
    "MAE": 0.6180710792541504,
    "Regret": 125.07110516249082,
    "Rel Regret": 0.03953544106503328
}