{
    "MSE": 0.5531328320503235,
    "MAE": 0.617400586605072,
    "Regret": 147.08691235702986,
    "Rel Regret": 0.044703989114236634
}