{
    "MSE": 0.5567296743392944,
    "MAE": 0.6194135546684265,
    "Regret": 162.54037098014277,
    "Rel Regret": 0.04946159484449678
}