{
    "MSE": 0.5531328320503235,
    "MAE": 0.617400586605072,
    "Regret": 147.01536941820856,
    "Rel Regret": 0.044686916523140045
}