{
    "MSE": 0.0060256170108914375,
    "MAE": 0.05091505125164986,
    "Regret": 0.0032545306800996904,
    "Rel Regret": 0.0004500829058414167
}