{
    "MSE": 0.12216702103614807,
    "MAE": 0.2830284833908081,
    "Regret": 0.004937775972832197,
    "Rel Regret": 0.0031624618099170354
}