{
    "MSE": 0.12003812938928604,
    "MAE": 0.27955660223960876,
    "Regret": 0.005828720861931354,
    "Rel Regret": 0.003731560605951384
}