{
    "MSE": 0.12216702103614807,
    "MAE": 0.2830284833908081,
    "Regret": 0.004939257236433341,
    "Rel Regret": 0.0031633969452295216
}