{
    "MSE": 0.3551647961139679,
    "MAE": 0.48154720664024353,
    "Regret": 1288.2396871563626,
    "Rel Regret": 0.04766822689861407
}