{
    "MSE": 0.35581448674201965,
    "MAE": 0.48228368163108826,
    "Regret": 1096.6864754666399,
    "Rel Regret": 0.04133939811383649
}