{
    "MSE": 0.35581448674201965,
    "MAE": 0.48228368163108826,
    "Regret": 1098.496365074689,
    "Rel Regret": 0.041362481656237
}