{
    "MSE": 0.0952410027384758,
    "MAE": 0.23153439164161682,
    "Regret": 2078.137966745525,
    "Rel Regret": 0.04253689729771247
}