{
    "MSE": 0.09530776739120483,
    "MAE": 0.23162753880023956,
    "Regret": 2378.0236262263934,
    "Rel Regret": 0.049288685887202754
}