{
    "MSE": 0.0952410027384758,
    "MAE": 0.23153439164161682,
    "Regret": 2078.130841260578,
    "Rel Regret": 0.04255390108216488
}