{
    "MSE": 0.005220937076956034,
    "MAE": 0.041115354746580124,
    "Regret": 0.003295895694777029,
    "Rel Regret": 0.000455712698736273
}