{
    "MSE": 0.09530555456876755,
    "MAE": 0.23198112845420837,
    "Regret": 1880.420004220479,
    "Rel Regret": 0.03804576367107897
}