{
    "MSE": 0.0060256170108914375,
    "MAE": 0.05091505125164986,
    "Regret": 0.003307557996218028,
    "Rel Regret": 0.0004574099961735438
}