{
    "MSE": 0.0060256170108914375,
    "MAE": 0.05091505125164986,
    "Regret": 0.00330328215084402,
    "Rel Regret": 0.00045681590973988814
}