{
    "MSE": 0.0060256170108914375,
    "MAE": 0.05091505125164986,
    "Regret": 0.003285269277900379,
    "Rel Regret": 0.0004543204776192754
}