{
    "MSE": 0.005635197274386883,
    "MAE": 0.043335527181625366,
    "Regret": 0.0033369087338585264,
    "Rel Regret": 0.00046134684267631334
}