{
    "MSE": 0.005635197274386883,
    "MAE": 0.043335527181625366,
    "Regret": 0.0033323940231131236,
    "Rel Regret": 0.00046072516752815833
}