{
    "MSE": 0.09530776739120483,
    "MAE": 0.23162753880023956,
    "Regret": 1908.397218223533,
    "Rel Regret": 0.03894385855438133
}