{
    "MSE": 0.3559397757053375,
    "MAE": 0.4822315275669098,
    "Regret": 1015.7364912937816,
    "Rel Regret": 0.03868240698644131
}