{
    "MSE": 0.12279777973890305,
    "MAE": 0.28385409712791443,
    "Regret": 0.00491675276043042,
    "Rel Regret": 0.0031509440642249176
}