{
    "MSE": 0.09530776739120483,
    "MAE": 0.23162753880023956,
    "Regret": 2396.9096163873137,
    "Rel Regret": 0.049740169850563946
}