{
    "MSE": 0.09528914093971252,
    "MAE": 0.23199450969696045,
    "Regret": 1932.4919231419863,
    "Rel Regret": 0.03956399561412447
}