{
    "MSE": 0.09528914093971252,
    "MAE": 0.23199450969696045,
    "Regret": 1929.3528697378424,
    "Rel Regret": 0.039511309932617915
}