{
    "MSE": 0.09530776739120483,
    "MAE": 0.23162753880023956,
    "Regret": 2391.209533409727,
    "Rel Regret": 0.04963000949961305
}