{
    "MSE": 0.553600013256073,
    "MAE": 0.6176249384880066,
    "Regret": 133.68598962253176,
    "Rel Regret": 0.0405469628615986
}