{
    "MSE": 0.553600013256073,
    "MAE": 0.6176249384880066,
    "Regret": 133.93696616524147,
    "Rel Regret": 0.040683611594580095
}