{
    "MSE": 0.03384893387556076,
    "MAE": 0.14101624488830566,
    "Regret": 0.0019088914725203152,
    "Rel Regret": 0.0028889725469697612
}