{
    "MSE": 0.03384649008512497,
    "MAE": 0.1410181224346161,
    "Regret": 0.002253691147726974,
    "Rel Regret": 0.0034123159123107425
}