{
    "MSE": 0.03384649008512497,
    "MAE": 0.1410181224346161,
    "Regret": 0.002247350012088257,
    "Rel Regret": 0.0034025268165018938
}