{
    "MSE": 0.03384893387556076,
    "MAE": 0.14101624488830566,
    "Regret": 0.0019095894872343752,
    "Rel Regret": 0.002890028360236279
}