{
    "MSE": 0.007721776608377695,
    "MAE": 0.05927814170718193,
    "Regret": 0.003567756167981458,
    "Rel Regret": 0.0004933668922246705
}