{
    "MSE": 0.556408703327179,
    "MAE": 0.6193941235542297,
    "Regret": 135.64638330759644,
    "Rel Regret": 0.0409924552098228
}