{
    "MSE": 0.556408703327179,
    "MAE": 0.6193941235542297,
    "Regret": 135.29755875431223,
    "Rel Regret": 0.04088400460777945
}