{
    "MSE": 0.5567296743392944,
    "MAE": 0.6194135546684265,
    "Regret": 162.5403809732851,
    "Rel Regret": 0.04946163009154625
}