{
    "MSE": 0.03489113226532936,
    "MAE": 0.14373964071273804,
    "Regret": 0.001950498466961552,
    "Rel Regret": 0.0029514493024109054
}