{
    "MSE": 0.12025495618581772,
    "MAE": 0.2797987759113312,
    "Regret": 0.00501597716724418,
    "Rel Regret": 0.003207528633956867
}