{
    "MSE": 0.12025495618581772,
    "MAE": 0.2797987759113312,
    "Regret": 0.005034836561343964,
    "Rel Regret": 0.0032196409960554315
}