{
    "MSE": 0.5532398223876953,
    "MAE": 0.6174263954162598,
    "Regret": 126.78941921979018,
    "Rel Regret": 0.040028084050479376
}