{
    "MSE": 0.007383886259049177,
    "MAE": 0.057908475399017334,
    "Regret": 0.003697649851941602,
    "Rel Regret": 0.0005113604354346295
}