{
    "MSE": 0.5567296743392944,
    "MAE": 0.6194135546684265,
    "Regret": 165.61497159878883,
    "Rel Regret": 0.05043648435236931
}