{
    "MSE": 0.5552201867103577,
    "MAE": 0.618739902973175,
    "Regret": 132.0822071591541,
    "Rel Regret": 0.03980562945425826
}