{
    "MSE": 0.5552201867103577,
    "MAE": 0.618739902973175,
    "Regret": 132.39743910187377,
    "Rel Regret": 0.03998566250133746
}