{
    "MSE": 0.09530555456876755,
    "MAE": 0.23198112845420837,
    "Regret": 2043.6771179097896,
    "Rel Regret": 0.04148095368203062
}