{
    "MSE": 0.09530776739120483,
    "MAE": 0.23162753880023956,
    "Regret": 2406.169390734302,
    "Rel Regret": 0.04998641600207882
}