{
    "MSE": 0.09530776739120483,
    "MAE": 0.23162753880023956,
    "Regret": 2426.457927687402,
    "Rel Regret": 0.050572604866049656
}