{
    "MSE": 0.09530555456876755,
    "MAE": 0.23198112845420837,
    "Regret": 2044.0676851858907,
    "Rel Regret": 0.04148853365643922
}