{
    "MSE": 0.09530776739120483,
    "MAE": 0.23162753880023956,
    "Regret": 2427.0538689813084,
    "Rel Regret": 0.05057405493699884
}