{
    "MSE": 0.005151989404112101,
    "MAE": 0.04167148843407631,
    "Regret": 0.0033769473538714763,
    "Rel Regret": 0.00046691988922247413
}