{
    "MSE": 0.5537099838256836,
    "MAE": 0.6176220774650574,
    "Regret": 126.16828084550666,
    "Rel Regret": 0.03979218839816452
}