{
    "MSE": 0.09530776739120483,
    "MAE": 0.23162753880023956,
    "Regret": 2379.6538227881956,
    "Rel Regret": 0.04927432057493468
}