{
    "MSE": 0.09523704648017883,
    "MAE": 0.2315787523984909,
    "Regret": 2090.015128046679,
    "Rel Regret": 0.04283786622784048
}