{
    "MSE": 0.09530776739120483,
    "MAE": 0.23162753880023956,
    "Regret": 2399.6679819564724,
    "Rel Regret": 0.04982880361112196
}