{
    "MSE": 0.09530776739120483,
    "MAE": 0.23162753880023956,
    "Regret": 2397.0829978713373,
    "Rel Regret": 0.04978726352330514
}