{
    "MSE": 0.09523704648017883,
    "MAE": 0.2315787523984909,
    "Regret": 2090.67082982656,
    "Rel Regret": 0.04285711071163879
}