{
    "MSE": 0.3569065034389496,
    "MAE": 0.48282936215400696,
    "Regret": 1042.7644687630902,
    "Rel Regret": 0.039738534990028884
}