{
    "MSE": 0.5567296743392944,
    "MAE": 0.6194135546684265,
    "Regret": 124.39786044685003,
    "Rel Regret": 0.03893383480482033
}