{
    "MSE": 0.5567296743392944,
    "MAE": 0.6194135546684265,
    "Regret": 125.01543807045383,
    "Rel Regret": 0.03912593849089214
}