{
    "MSE": 0.3551647961139679,
    "MAE": 0.48154720664024353,
    "Regret": 999.3402715548171,
    "Rel Regret": 0.03827111206921881
}