{
    "MSE": 0.03392857313156128,
    "MAE": 0.14114724099636078,
    "Regret": 0.0021547347809031795,
    "Rel Regret": 0.0032609963630152593
}