{
    "MSE": 0.03392857313156128,
    "MAE": 0.14114724099636078,
    "Regret": 0.002157677165254546,
    "Rel Regret": 0.0032654869438688543
}