{
    "MSE": 0.03384649008512497,
    "MAE": 0.1410181224346161,
    "Regret": 0.0022395768483980173,
    "Rel Regret": 0.003391770763290927
}