{
    "MSE": 0.03384649008512497,
    "MAE": 0.1410181224346161,
    "Regret": 0.002244724218902123,
    "Rel Regret": 0.003399731146988619
}