{
    "MSE": 0.3567933440208435,
    "MAE": 0.48264792561531067,
    "Regret": 1044.5037200790212,
    "Rel Regret": 0.03943854633970168
}