{
    "MSE": 0.3567933440208435,
    "MAE": 0.48264792561531067,
    "Regret": 1048.6487984169871,
    "Rel Regret": 0.03963084713786314
}