{
    "MSE": 0.3551647961139679,
    "MAE": 0.48154720664024353,
    "Regret": 1288.2402063555696,
    "Rel Regret": 0.047668239723960455
}