{
    "MSE": 0.12092218548059464,
    "MAE": 0.28061002492904663,
    "Regret": 0.004889189236649817,
    "Rel Regret": 0.0031336995716676154
}