{
    "MSE": 0.0060256170108914375,
    "MAE": 0.05091505125164986,
    "Regret": 0.0032939280662886796,
    "Rel Regret": 0.00045554370201563517
}