{
    "MSE": 0.007383886259049177,
    "MAE": 0.057908475399017334,
    "Regret": 0.0038536679501064413,
    "Rel Regret": 0.0005327692951373737
}