{
    "MSE": 0.007383886259049177,
    "MAE": 0.057908475399017334,
    "Regret": 0.003821339146085464,
    "Rel Regret": 0.000528303840440517
}