{
    "MSE": 0.09530776739120483,
    "MAE": 0.23162753880023956,
    "Regret": 2392.7521942727158,
    "Rel Regret": 0.04965226547208059
}