{
    "MSE": 0.09524620324373245,
    "MAE": 0.2315494269132614,
    "Regret": 2041.9919179616566,
    "Rel Regret": 0.04156891557325641
}