{
    "MSE": 0.09530776739120483,
    "MAE": 0.23162753880023956,
    "Regret": 2375.1421952625265,
    "Rel Regret": 0.04914527449940559
}