{
    "MSE": 0.09524620324373245,
    "MAE": 0.2315494269132614,
    "Regret": 2038.9482013726815,
    "Rel Regret": 0.041520091846999285
}