{
    "MSE": 0.35674142837524414,
    "MAE": 0.4825793504714966,
    "Regret": 1078.9233558872247,
    "Rel Regret": 0.040630254610876444
}