{
    "MSE": 0.35674142837524414,
    "MAE": 0.4825793504714966,
    "Regret": 1078.9419333144251,
    "Rel Regret": 0.04070203816418063
}