{
    "MSE": 0.09522400051355362,
    "MAE": 0.23152494430541992,
    "Regret": 1968.3654448889952,
    "Rel Regret": 0.040233419714256924
}