{
    "MSE": 0.03491157665848732,
    "MAE": 0.14374443888664246,
    "Regret": 0.002317306880323869,
    "Rel Regret": 0.0035091684108863753
}