{
    "MSE": 0.03384649008512497,
    "MAE": 0.1410181224346161,
    "Regret": 0.002234232234804809,
    "Rel Regret": 0.0033837197460626677
}