{
    "MSE": 0.03384649008512497,
    "MAE": 0.1410181224346161,
    "Regret": 0.002242234484873769,
    "Rel Regret": 0.0033960601257602275
}