{
    "MSE": 0.03491157665848732,
    "MAE": 0.14374443888664246,
    "Regret": 0.002316356222743922,
    "Rel Regret": 0.0035076703451641924
}