{
    "MSE": 0.35658660531044006,
    "MAE": 0.4826606512069702,
    "Regret": 995.229260998973,
    "Rel Regret": 0.03804758473680247
}