{
    "MSE": 0.0057410248555243015,
    "MAE": 0.04685323312878609,
    "Regret": 0.003969633908654644,
    "Rel Regret": 0.0005491057463392526
}