{
    "MSE": 0.0060256170108914375,
    "MAE": 0.05091505125164986,
    "Regret": 0.0032625500660816427,
    "Rel Regret": 0.00045119614023214367
}