{
    "MSE": 0.0060256170108914375,
    "MAE": 0.05091505125164986,
    "Regret": 0.0032819341068501488,
    "Rel Regret": 0.0004538808139956351
}