{
    "MSE": 0.0057410248555243015,
    "MAE": 0.04685323312878609,
    "Regret": 0.0039532940510724505,
    "Rel Regret": 0.0005468389204380213
}