{
    "MSE": 0.35581448674201965,
    "MAE": 0.48228368163108826,
    "Regret": 1004.3184396190197,
    "Rel Regret": 0.03843389408046988
}