{
    "MSE": 0.03384649008512497,
    "MAE": 0.1410181224346161,
    "Regret": 0.002248510268477488,
    "Rel Regret": 0.003405219249732793
}