{
    "MSE": 0.03489113226532936,
    "MAE": 0.14373964071273804,
    "Regret": 0.0020384181126174143,
    "Rel Regret": 0.0030844210901998202
}