{
    "MSE": 0.03489113226532936,
    "MAE": 0.14373964071273804,
    "Regret": 0.002035850378676838,
    "Rel Regret": 0.0030805365301729572
}