{
    "MSE": 0.03384649008512497,
    "MAE": 0.1410181224346161,
    "Regret": 0.0022435029118402497,
    "Rel Regret": 0.0033974294693683432
}