{
    "MSE": 0.553600013256073,
    "MAE": 0.6176249384880066,
    "Regret": 126.70609347552238,
    "Rel Regret": 0.03997823257470327
}