{
    "MSE": 0.5548145771026611,
    "MAE": 0.6182957291603088,
    "Regret": 122.88194397405009,
    "Rel Regret": 0.03890723311079976
}