{
    "MSE": 0.5548145771026611,
    "MAE": 0.6182957291603088,
    "Regret": 123.5937626672013,
    "Rel Regret": 0.039096038384598214
}