{
    "MSE": 0.5531328320503235,
    "MAE": 0.617400586605072,
    "Regret": 128.0850744701137,
    "Rel Regret": 0.04039389638305876
}