{
    "MSE": 0.03384649008512497,
    "MAE": 0.1410181224346161,
    "Regret": 0.0022462118254154406,
    "Rel Regret": 0.0034018689239465123
}