{
    "MSE": 0.03488865867257118,
    "MAE": 0.14368075132369995,
    "Regret": 0.0021055505971209784,
    "Rel Regret": 0.0031860794969836765
}