{
    "MSE": 0.03488865867257118,
    "MAE": 0.14368075132369995,
    "Regret": 0.0021057609131452707,
    "Rel Regret": 0.0031863914572613813
}