{
    "MSE": 0.03384649008512497,
    "MAE": 0.1410181224346161,
    "Regret": 0.0022458820401903383,
    "Rel Regret": 0.003401155621895247
}