{
    "MSE": 0.0952831581234932,
    "MAE": 0.23160870373249054,
    "Regret": 1982.5037942543213,
    "Rel Regret": 0.04055424953053251
}