{
    "MSE": 0.09528914093971252,
    "MAE": 0.23199450969696045,
    "Regret": 1863.194973501803,
    "Rel Regret": 0.037752759723825524
}