{
    "MSE": 0.556408703327179,
    "MAE": 0.6193941235542297,
    "Regret": 126.37917270998983,
    "Rel Regret": 0.03981273873123102
}