{
    "MSE": 0.09530776739120483,
    "MAE": 0.23162753880023956,
    "Regret": 2378.061390779941,
    "Rel Regret": 0.0492169645637212
}