{
    "MSE": 0.0952831581234932,
    "MAE": 0.23160870373249054,
    "Regret": 2163.485817491079,
    "Rel Regret": 0.04419866386441571
}