{
    "MSE": 0.0952831581234932,
    "MAE": 0.23160870373249054,
    "Regret": 2169.180360272098,
    "Rel Regret": 0.04432395085826792
}