{
    "MSE": 0.5549542903900146,
    "MAE": 0.6182974576950073,
    "Regret": 128.1000171411005,
    "Rel Regret": 0.03988517962781194
}