{
    "MSE": 0.5549542903900146,
    "MAE": 0.6182974576950073,
    "Regret": 128.1073201090223,
    "Rel Regret": 0.03988998171860482
}