{
    "MSE": 0.0060256170108914375,
    "MAE": 0.05091505125164986,
    "Regret": 0.0032655326499488545,
    "Rel Regret": 0.00045160771573360853
}