{
    "MSE": 0.005262736696749926,
    "MAE": 0.043610092252492905,
    "Regret": 0.0032300229683855054,
    "Rel Regret": 0.00044648595879759274
}