{
    "MSE": 0.005262736696749926,
    "MAE": 0.043610092252492905,
    "Regret": 0.0032235933694771787,
    "Rel Regret": 0.00044559885376546426
}