{
    "MSE": 0.09520474076271057,
    "MAE": 0.231552854180336,
    "Regret": 2001.2070909146535,
    "Rel Regret": 0.041110928548195105
}