{
    "MSE": 0.09527715295553207,
    "MAE": 0.23157483339309692,
    "Regret": 1905.81925310635,
    "Rel Regret": 0.03891339178462826
}