{
    "MSE": 0.03384649008512497,
    "MAE": 0.1410181224346161,
    "Regret": 0.0021629662459883457,
    "Rel Regret": 0.0032744902101202603
}