{
    "MSE": 0.03384649008512497,
    "MAE": 0.1410181224346161,
    "Regret": 0.0021598241880705204,
    "Rel Regret": 0.0032697489909580876
}