{
    "MSE": 0.03384649008512497,
    "MAE": 0.1410181224346161,
    "Regret": 0.0022306059358128925,
    "Rel Regret": 0.0033782404269787104
}