{
    "MSE": 0.03384649008512497,
    "MAE": 0.1410181224346161,
    "Regret": 0.00224049777866158,
    "Rel Regret": 0.003393484699666944
}