{
    "MSE": 0.005209587048739195,
    "MAE": 0.04237067699432373,
    "Regret": 0.003294015042528713,
    "Rel Regret": 0.00045550876005895135
}