{
    "MSE": 0.12082783877849579,
    "MAE": 0.2805425524711609,
    "Regret": 0.0049713563718004235,
    "Rel Regret": 0.00318598237988062
}