{
    "MSE": 0.005169210955500603,
    "MAE": 0.04256361350417137,
    "Regret": 0.003426628775451972,
    "Rel Regret": 0.00047368820468244146
}