{
    "MSE": 0.0060256170108914375,
    "MAE": 0.05091505125164986,
    "Regret": 0.0034386831617327076,
    "Rel Regret": 0.0004754966945323532
}