{
    "MSE": 0.0060256170108914375,
    "MAE": 0.05091505125164986,
    "Regret": 0.0034399577518010446,
    "Rel Regret": 0.0004756715917978672
}