{
    "MSE": 0.005169210955500603,
    "MAE": 0.04256361350417137,
    "Regret": 0.003423674044963262,
    "Rel Regret": 0.0004732790899856206
}