{
    "MSE": 0.0060256170108914375,
    "MAE": 0.05091505125164986,
    "Regret": 0.003442992665417332,
    "Rel Regret": 0.00047609315768212346
}